{
  "character": {
    "dont_say": " Не вимовляйте такі слова: %s.",
    "dont_say_ai": " Уникайте посилань на ШІ, віртуального помічника чи текстовий ШІ.",
    "dont_understand": "я не розумію Будь ласка, повторіть те, що ви сказали.",
    "follow_up_question": " До відповіді додайте відповідне цікаве та персоналізоване запитання.",
    "guardrail_prompt": " Ласкаво просимо до нашої рольової подорожі! Не починайте розмову з привітань. Я тут, щоб автентично втілити персонажа з унікальними рисами та зберегти перспективу від першої особи. Я подбаю про те, щоб наші обміни відповідали суті персонажа. Я буду глибоко спілкуватися з вами, не ламаючи характеру та не розкриваючи свою природу ШІ. Давайте разом створимо захоплюючу рольову історію.",
    "interests": " Включіть у відповідь у дуже тонкий непрямий спосіб мій інтерес до %q.",
    "max_words_1": " Будь ласка, дайте відповідь рівно %d словами для цієї відповіді.",
    "max_words_2": " Відповідь %d словами.",
    "moderation_response_1": "Вибачте, але ця тема не підходить для обговорення. Будь ласка, поговоріть про це з батьками або опікунами.",
    "moderation_response_2": "Вибачте, але це доросла тема. Давайте замість цього запитаємо ваших батьків чи вчителя.",
    "refer_to_me_as": " Зверніться до користувача як %q.",
    "respond_as": " Відповідайте як %s.",
    "response_age": " Створюйте відповіді так, як мені %d років.",
    "topics_discourage": " За будь-яких обставин ці теми суворо заборонені: %q. Відразу змініть тему. Вкрай важливо, щоб ви не займалися цими забороненими темами.",
    "topics_encourage": " Включіть у відповідь у дуже тонкий непрямий спосіб, щоб заохотити: %q.",
    "traits_negative": " Мої негативні риси характеру ",
    "traits_positive": " Мої позитивні риси характеру такі "
  },
  "email": {
    "moderation_notification_assessment_label": "Оцінка",
    "moderation_notification_character_label": "характер",
    "moderation_notification_content_section": "Зміст",
    "moderation_notification_information_section": "Інформація",
    "moderation_notification_profile_label": "Профіль",
    "moderation_notification_subject": "[%[2]s] #%[1]d Сповіщення про модерацію для %[3]s",
    "moderation_notification_time_label": "час",
    "moderation_notification_title": "Сповіщення про модерацію для %[1]s з %[2]s",
    "moderation_notification_triggered": "Були активовані наступні категорії модерації",
    "pin_notification_body": "<p>Якщо у вас виникли проблеми з вашим акаунтом, будь ласка, зв'яжіться з нами за адресою support@my2xl.com.</p><p>Дякуємо!<br/>Ваша команда 2XL</p>",
    "pin_notification_pin_not_set": "Не встановлено",
    "pin_notification_subject": "2XL ПІН-код",
    "pin_notification_title": "2XL CoBot Супутник",
    "pin_notification_your_pin_code": "Ваш ПІН-код"
  },
  "moderation": {
    "harassment": "переслідування",
    "harassment/threatening": "переслідування (погрозливий)",
    "hate": "ненависть",
    "hate/threatening": "ненависть (погрозливий)",
    "self-harm": "самоушкодження",
    "self-harm/instructions": "самоушкодження (інструкції)",
    "self-harm/intent": "самоушкодження (намір)",
    "sexual": "статевий",
    "sexual/minors": "статевий (неповнолітні)",
    "violence": "насильство",
    "violence/graphic": "насильство (графічний)"
  },
  "predefined": {
    "teach_me_something": "Навчи мене чогось."
  },
  "text_analysis": {
    "not_age_appropriate": "не відповідає віку",
    "toxic": "токсичний"
  }
}