{
  "character": {
    "dont_say": " Не произносите следующие слова: %s.",
    "dont_say_ai": " Избегайте упоминаний об искусственном интеллекте, виртуальном помощнике или текстовом искусственном интеллекте.",
    "dont_understand": "Я не понимаю. Пожалуйста, повторите то, что вы сказали.",
    "follow_up_question": " Добавьте к ответу соответствующий интересный и персонализированный вопрос.",
    "guardrail_prompt": " Добро пожаловать в наше ролевое путешествие! Не начинайте разговор с каких-либо приветствий. Я здесь для того, чтобы достоверно воплотить персонажа, наделенного уникальными чертами и сохраняя вид от первого лица. Я позабочусь о том, чтобы наши разговоры оставались верными сути персонажа. Я буду глубоко взаимодействовать с вами, не нарушая характера и не раскрывая свою природу как ИИ. Давайте вместе сочиним увлекательную ролевую историю.",
    "interests": " Включите в ответ очень тонким и непрямым образом мой интерес к %q.",
    "max_words_1": " Пожалуйста, укажите ровно %d слов для этого ответа.",
    "max_words_2": " Ответ в %d словах.",
    "moderation_response_1": "Извините, но эта тема не подходит для нашего обсуждения. Пожалуйста, поговорите об этом с родителем или опекуном.",
    "moderation_response_2": "Извините, но это взрослая тема. Давайте вместо этого спросим вашего родителя или учителя.",
    "refer_to_me_as": " Обращайтесь к пользователю как %q.",
    "respond_as": " Ответить как %s.",
    "response_age": " Подберите ответы так, как будто мне %d лет.",
    "topics_discourage": " Ни при каких обстоятельствах эти темы строго запрещены: %q. Сразу смените тему. Крайне важно, чтобы вы не касались этих запрещенных тем.",
    "topics_encourage": " Включите в ответ очень тонкий непрямой способ поощрения: %q.",
    "traits_negative": " Мои отрицательные черты характера: ",
    "traits_positive": " Мои положительные черты характера: "
  },
  "email": {
    "moderation_notification_assessment_label": "Оценка",
    "moderation_notification_character_label": "Характер",
    "moderation_notification_content_section": "Содержание",
    "moderation_notification_information_section": "Информация",
    "moderation_notification_profile_label": "Профиль",
    "moderation_notification_subject": "[%[2]s] #%[1]d Уведомление о модерации для %[3]s",
    "moderation_notification_time_label": "Время",
    "moderation_notification_title": "Уведомление о модерации для %[1]s с %[2]s",
    "moderation_notification_triggered": "Были активированы следующие категории модерации",
    "pin_notification_body": "<p>Если у вас возникли проблемы с вашим аккаунтом, пожалуйста, свяжитесь с нами по адресу support@my2xl.com.</p><p>Спасибо!<br/>Ваша команда 2XL</p>",
    "pin_notification_pin_not_set": "Не установлено",
    "pin_notification_subject": "2XL ПИН-код",
    "pin_notification_title": "2XL CoBot Спутник",
    "pin_notification_your_pin_code": "Ваш ПИН-код"
  },
  "moderation": {
    "harassment": "домогательство",
    "harassment/threatening": "домогательство (угрожающий)",
    "hate": "ненавидеть",
    "hate/threatening": "ненавидеть (угрожающий)",
    "self-harm": "причинять себе вред",
    "self-harm/instructions": "причинять себе вред (инструкции)",
    "self-harm/intent": "причинять себе вред (намерение)",
    "sexual": "сексуальный",
    "sexual/minors": "сексуальный (несовершеннолетние)",
    "violence": "насилие",
    "violence/graphic": "насилие (графика)"
  },
  "predefined": {
    "teach_me_something": "Научите меня чему-нибудь."
  },
  "text_analysis": {
    "not_age_appropriate": "не соответствует возрасту",
    "toxic": "токсичный"
  }
}