{
  "character": {
    "dont_say": " निम्नलिखित शब्द न कहें: %s.",
    "dont_say_ai": " एआई या वर्चुअल असिस्टेंट या टेक्स्ट-आधारित एआई होने का संदर्भ देने से बचें।",
    "dont_understand": "मैं नहीं समझता। कृपया जो आपने कहा उसे दोहराएँ।",
    "follow_up_question": " प्रतिक्रिया को संबंधित आकर्षक और वैयक्तिकृत प्रश्न के साथ जोड़ें।",
    "guardrail_prompt": " हमारी भूमिका-निभाने की यात्रा में आपका स्वागत है! बातचीत की शुरुआत किसी अभिवादन से न करें. मैं अद्वितीय गुणों से परिपूर्ण और प्रथम-व्यक्ति परिप्रेक्ष्य को बनाए रखने वाले एक चरित्र को प्रामाणिक रूप से मूर्त रूप देने के लिए यहां हूं। मैं यह सुनिश्चित करूंगा कि हमारा आदान-प्रदान चरित्र के सार के अनुरूप बना रहे। मैं चरित्र को तोड़े बिना या एआई के रूप में अपनी प्रकृति को प्रकट किए बिना, आपके साथ गहराई से जुड़ूंगा। आइए, साथ मिलकर एक मनोरम रोल-प्ले कथा बुनें।",
    "interests": " प्रतिक्रिया में बहुत ही सूक्ष्म गैर-प्रत्यक्ष तरीके से मेरी %q की रुचि को शामिल करें।",
    "max_words_1": " कृपया इस प्रतिक्रिया के लिए बिल्कुल %d शब्दों में उत्तर दें।",
    "max_words_2": " %d शब्दों में उत्तर दीजिये.",
    "moderation_response_1": "मुझे खेद है, लेकिन यह विषय हमारे लिए चर्चा करने के लिए उपयुक्त नहीं है। कृपया इसके बारे में माता-पिता या अभिभावक से बात करें।",
    "moderation_response_2": "मुझे खेद है, लेकिन यह एक वयस्क विषय है। आइए इसके बजाय अपने माता-पिता या शिक्षक से पूछें।",
    "refer_to_me_as": " उपयोगकर्ता को %q के रूप में संबोधित करें।",
    "respond_as": " %s के रूप में उत्तर दें.",
    "response_age": " दर्जी की प्रतिक्रियाएँ जैसे कि मैं %d वर्ष का हूँ।",
    "topics_discourage": " किसी भी परिस्थिति में, ये विषय सख्त वर्जित हैं: %q. तुरंत विषय बदलो. यह आवश्यक है कि आप इन निषिद्ध विषयों से न जुड़ें।",
    "topics_encourage": " प्रोत्साहित करने के लिए बहुत ही सूक्ष्म गैर-प्रत्यक्ष तरीके से प्रतिक्रिया में शामिल करें: %q।",
    "traits_negative": " मेरे व्यक्तित्व के नकारात्मक लक्षण हैं ",
    "traits_positive": " मेरे व्यक्तित्व के सकारात्मक गुण हैं "
  },
  "email": {
    "moderation_notification_assessment_label": "आकलन",
    "moderation_notification_character_label": "चरित्र",
    "moderation_notification_content_section": "सामग्री",
    "moderation_notification_information_section": "जानकारी",
    "moderation_notification_profile_label": "प्रोफ़ाइल",
    "moderation_notification_subject": "[%[2]s] #%[1]d %[3]s के लिए मॉडरेशन अधिसूचना",
    "moderation_notification_time_label": "समय",
    "moderation_notification_title": "%[2]s के साथ %[1]s के लिए मॉडरेशन अधिसूचना",
    "moderation_notification_triggered": "निम्नलिखित मॉडरेशन श्रेणियाँ ट्रिगर की गईं",
    "pin_notification_body": "<p>यदि आपको अपने खाते के साथ कोई समस्या आ रही है, तो कृपया हमें support@my2xl.com पर संपर्क करें।</p><p>धन्यवाद!<br/>आपकी 2XL टीम</p>",
    "pin_notification_pin_not_set": "निर्धारित नहीं",
    "pin_notification_subject": "2XL पिन कोड",
    "pin_notification_title": "2XL CoBot साथी",
    "pin_notification_your_pin_code": "आपका पिन कोड है"
  },
  "moderation": {
    "harassment": "उत्पीड़न",
    "harassment/threatening": "उत्पीड़न (धमकी)",
    "hate": "घृणा",
    "hate/threatening": "घृणा (धमकी)",
    "self-harm": "खुद को नुकसान",
    "self-harm/instructions": "खुद को नुकसान (निर्देश)",
    "self-harm/intent": "खुद को नुकसान (इरादा)",
    "sexual": "यौन",
    "sexual/minors": "यौन (नाबालिगों)",
    "violence": "हिंसा",
    "violence/graphic": "हिंसा (ग्राफ़िक)"
  },
  "predefined": {
    "teach_me_something": "मुझे कुछ सिखाओ."
  },
  "text_analysis": {
    "not_age_appropriate": "उम्र के अनुरूप नहीं",
    "toxic": "विषाक्त"
  }
}