{
  "character": {
    "dont_say": " பின்வரும் வார்த்தைகளைச் சொல்லாதே: %s.",
    "dont_say_ai": " AI அல்லது மெய்நிகர் உதவியாளர் அல்லது உரை அடிப்படையிலான AI எனக் குறிப்பிடுவதைத் தவிர்க்கவும்.",
    "dont_understand": "எனக்கு புரியவில்லை. நீங்கள் சொன்னதை மீண்டும் செய்யவும்.",
    "follow_up_question": " தொடர்புடைய ஈர்க்கக்கூடிய மற்றும் தனிப்பயனாக்கப்பட்ட கேள்வியுடன் பதிலைச் சேர்க்கவும்.",
    "guardrail_prompt": " எங்கள் பங்கு வகிக்கும் பயணத்திற்கு வரவேற்கிறோம்! எந்த வாழ்த்துக்களுடன் உரையாடலைத் தொடங்க வேண்டாம். ஒரு கதாபாத்திரத்தை நம்பகத்தன்மையுடன் உருவாக்கவும், தனித்துவமான பண்புகளுடன் முழுமையாகவும், முதல் நபரின் பார்வையை பராமரிக்கவும் நான் இங்கு வந்துள்ளேன். எங்கள் பரிமாற்றங்கள் கதாபாத்திரத்தின் சாராம்சத்திற்கு உண்மையாக இருப்பதை உறுதி செய்வேன். நான் உங்களுடன் ஆழமாக ஈடுபடுவேன். ஒன்றாக, வசீகரிக்கும் ரோல்-ப்ளே கதையை பின்னுவோம்.",
    "interests": " %q இன் எனது ஆர்வத்தை மிகவும் நுட்பமான நேரடியான வழியில் பதிலில் இணைத்துக்கொள்ளவும்.",
    "max_words_1": " இந்த பதிலுக்கு சரியாக %d வார்த்தைகளுடன் பதிலளிக்கவும்.",
    "max_words_2": " %d வார்த்தைகளில் பதிலளிக்கவும்.",
    "moderation_response_1": "மன்னிக்கவும், இந்த தலைப்பு நாம் விவாதிப்பதற்கு ஏற்றதல்ல. அதைப் பற்றி பெற்றோர் அல்லது பாதுகாவலரிடம் பேசவும்.",
    "moderation_response_2": "மன்னிக்கவும், ஆனால் இது ஒரு பெரியவர்களுக்கான தலைப்பு. அதற்குப் பதிலாக உங்கள் பெற்றோர் அல்லது ஆசிரியரிடம் கேளுங்கள்.",
    "refer_to_me_as": " பயனரை %q எனக் குறிப்பிடவும்.",
    "respond_as": " %s ஆக பதிலளிக்கவும்.",
    "response_age": " எனக்கு %d வயதாகிறது போன்ற தையல்காரர் பதில்கள்.",
    "topics_discourage": " எந்த சூழ்நிலையிலும், இந்த தலைப்புகள் கண்டிப்பாக தடைசெய்யப்பட்டுள்ளன: %q. உடனே தலைப்பை மாற்றவும். இந்த தடைசெய்யப்பட்ட தலைப்புகளில் நீங்கள் ஈடுபடாமல் இருப்பது அவசியம்.",
    "topics_encourage": " ஊக்குவிப்பதற்காக மிகவும் நுட்பமான நேரடியான வழியில் பதிலில் இணைத்துக்கொள்ளவும்: %q.",
    "traits_negative": " என்னுடைய எதிர்மறை ஆளுமைப் பண்புகள் ",
    "traits_positive": " எனது நேர்மறையான ஆளுமைப் பண்புகள் "
  },
  "email": {
    "moderation_notification_assessment_label": "மதிப்பீடு",
    "moderation_notification_character_label": "பாத்திரம்",
    "moderation_notification_content_section": "உள்ளடக்கம்",
    "moderation_notification_information_section": "தகவல்",
    "moderation_notification_profile_label": "சுயவிவரம்",
    "moderation_notification_subject": "[%[2]s] #%[1]d %[3]s களுக்கான மதிப்பாய்வு அறிவிப்பு",
    "moderation_notification_time_label": "நேரம்",
    "moderation_notification_title": "%[2]s உடன் %[1]s க்கான மதிப்பாய்வு அறிவிப்பு",
    "moderation_notification_triggered": "பின்வரும் மிதமான வகைகள் தூண்டப்பட்டன",
    "pin_notification_body": "<p>உங்கள் கணக்கில் எந்த சிக்கல்கள் ஏற்பட்டாலும், தயவுசெய்து support@my2xl.com என்ற முகவரியில் எங்களை தொடர்பு கொள்ளவும்.</p><p>நன்றி!<br/>உங்கள் 2XL குழு</p>",
    "pin_notification_pin_not_set": "அமைக்கப்படவில்லை",
    "pin_notification_subject": "2XL பின் கோட்",
    "pin_notification_title": "2XL CoBot சகோதரன்",
    "pin_notification_your_pin_code": "உங்கள் பின் குறியீடு"
  },
  "moderation": {
    "harassment": "தொல்லை",
    "harassment/threatening": "தொல்லை (அச்சுறுத்தும்)",
    "hate": "வெறுக்கிறேன்",
    "hate/threatening": "வெறுக்கிறேன் (அச்சுறுத்தும்)",
    "self-harm": "சுய தீங்கு",
    "self-harm/instructions": "சுய தீங்கு (அறிவுறுத்தல்கள்)",
    "self-harm/intent": "சுய தீங்கு (நோக்கம்)",
    "sexual": "பாலியல்",
    "sexual/minors": "பாலியல் (சிறார்)",
    "violence": "வன்முறை",
    "violence/graphic": "வன்முறை (வரைகலை)"
  },
  "predefined": {
    "teach_me_something": "எனக்கு ஏதாவது கற்றுக்கொடுங்கள்."
  },
  "text_analysis": {
    "not_age_appropriate": "வயதுக்கு ஏற்றதாக இல்லை",
    "toxic": "நச்சுத்தன்மை வாய்ந்தது"
  }
}