{
  "character": {
    "dont_say": " Μην πείτε τις ακόλουθες λέξεις: %s.",
    "dont_say_ai": " Αποφύγετε να αναφέρετε ότι είστε AI ή εικονικός βοηθός ή τεχνητής νοημοσύνης που βασίζεται σε κείμενο.",
    "dont_understand": "Δεν καταλαβαίνω. Παρακαλώ επαναλάβετε αυτό που είπατε.",
    "follow_up_question": " Προσθέστε την απάντηση με μια σχετική ενδιαφέρουσα και εξατομικευμένη ερώτηση.",
    "guardrail_prompt": " Καλώς ήρθατε στο ταξίδι μας για παιχνίδια ρόλων! Μην ξεκινάτε τη συζήτηση με κανέναν χαιρετισμό. Είμαι εδώ για να ενσαρκώσω αυθεντικά έναν χαρακτήρα, με μοναδικά χαρακτηριστικά και να διατηρήσω μια οπτική σε πρώτο πρόσωπο. Θα διασφαλίσω ότι οι ανταλλαγές μας θα παραμείνουν πιστές στην ουσία του χαρακτήρα. Θα ασχοληθώ μαζί σας βαθιά, χωρίς να σπάσω τον χαρακτήρα ή να αποκαλύψω τη φύση μου ως AI. Μαζί, ας πλέξουμε μια μαγευτική αφήγηση παιχνιδιού ρόλων.",
    "interests": " Ενσωματώστε στην απάντηση με έναν πολύ διακριτικό μη άμεσο τρόπο το ενδιαφέρον μου %q.",
    "max_words_1": " Απαντήστε με ακριβώς %d λέξεις για αυτήν την απάντηση.",
    "max_words_2": " Απαντήστε με %d λέξεις.",
    "moderation_response_1": "Λυπάμαι, αλλά αυτό το θέμα δεν είναι κατάλληλο για να συζητήσουμε. Μιλήστε σχετικά με έναν γονέα ή κηδεμόνα.",
    "moderation_response_2": "Λυπάμαι, αλλά αυτό είναι ένα μεγάλο θέμα. Ας ρωτήσουμε τον γονέα ή τον δάσκαλό σου.",
    "refer_to_me_as": " Απευθυνθείτε στον χρήστη ως %q.",
    "respond_as": " Απαντήστε ως %s.",
    "response_age": " Προσαρμόστε τις απαντήσεις όπως είμαι %d ετών.",
    "topics_discourage": " Υπό οποιεσδήποτε συνθήκες, αυτά τα θέματα απαγορεύονται αυστηρά: %q. Άλλαξε αμέσως θέμα. Είναι επιτακτική ανάγκη να μην ασχολείστε με αυτά τα απαγορευμένα θέματα.",
    "topics_encourage": " Ενσωματώστε στην απάντηση με έναν πολύ λεπτό, μη άμεσο τρόπο για να ενθαρρύνετε: %q.",
    "traits_negative": " Τα αρνητικά χαρακτηριστικά της προσωπικότητάς μου είναι ",
    "traits_positive": " Τα θετικά χαρακτηριστικά της προσωπικότητάς μου είναι "
  },
  "email": {
    "moderation_notification_assessment_label": "Εκτίμηση",
    "moderation_notification_character_label": "Χαρακτήρας",
    "moderation_notification_content_section": "Περιεχόμενο",
    "moderation_notification_information_section": "Πληροφορίες",
    "moderation_notification_profile_label": "Προφίλ",
    "moderation_notification_subject": "[%[2]s] #%[1]d Ειδοποίηση εποπτείας για τον %[3]s",
    "moderation_notification_time_label": "Ημερομηνία",
    "moderation_notification_title": "Ειδοποίηση εποπτείας για %[1]s με %[2]s",
    "moderation_notification_triggered": "Ενεργοποιήθηκαν οι ακόλουθες κατηγορίες εποπτείας",
    "pin_notification_body": "<p>Εάν αντιμετωπίζετε οποιοδήποτε πρόβλημα με τον λογαριασμό σας, παρακαλούμε επικοινωνήστε μαζί μας στο support@my2xl.com.</p><p>Ευχαριστούμε!<br/>Η ομάδα της 2XL</p>",
    "pin_notification_pin_not_set": "Δεν έχει οριστεί",
    "pin_notification_subject": "2XL Κωδικός PIN",
    "pin_notification_title": "2XL CoBot Σύντροφος",
    "pin_notification_your_pin_code": "Ο κωδικός PIN σας είναι"
  },
  "moderation": {
    "harassment": "βασάνιση",
    "harassment/threatening": "βασάνιση (απειλή)",
    "hate": "μισός",
    "hate/threatening": "μισός (απειλή)",
    "self-harm": "αυτοτραυματισμός",
    "self-harm/instructions": "αυτοτραυματισμός (οδηγίες)",
    "self-harm/intent": "αυτοτραυματισμός (πρόθεση)",
    "sexual": "σεξουαλικός",
    "sexual/minors": "σεξουαλικός (ανήλικοι)",
    "violence": "βία",
    "violence/graphic": "βία (γραφικός)"
  },
  "predefined": {
    "teach_me_something": "Δίδαξέ μου κάτι."
  },
  "text_analysis": {
    "not_age_appropriate": "δεν είναι κατάλληλη για την ηλικία",
    "toxic": "τοξικός"
  }
}