{
  "2xl": "plOd7yObHa4boWZ1EUiQ",
  "2xlprocloned": "s7VVRBXWjxZ0j9WzZCiB",
  "2xlv2": "5qngIdxdcwwAx0bxt2QO",
  "2xlv2robot": "tW1S53LPS4trzF84ywU8",
  "adam": "pNInz6obpgDQGcFmaJgB",
  "annie": "yG3RxH5ht2pxr6fOtfhP",
  "antoni": "ErXwobaYiN019PkySvjV",
  "arnold": "VR6AewLTigWG4xSOukaG",
  "barbie": "V4jqPqopNh3HTa2iJ48R",
  "batman": "QkWMpIJl0Xa87GS2weAs",
  "bella": "EXAVITQu4vr4xnSDxMaL",
  "bingo": "4Gl41hDLpC2xC27RAZlX",
  "blackpanther": "PsSqW5LG5TE7ESyHhdVs",
  "bluey": "y7NDms1dw4SqhwGLiRBT",
  "c3po": "NTyhGBDniSswDaQlF4ib",
  "domi": "AZnzlk1XvdvUeBnXmlld",
  "elli": "MF3mGyEYCl7XYWbV9V6O",
  "elmo": "sTCW0bJB1ntDxn48Lmik",
  "jarvis": "z478iVV8hbdX5dHdGZeR",
  "johnny5": "1s5R84KG5zficcpdCE3R",
  "joker": "j7F7EjpgKiZ4zpMLbiAU",
  "jokermarkhamill": "0OXu1vEw7DVd99jj7IrW",
  "josh": "TxGEqnHWrfWFTfGW9XjX",
  "kevin": "dbjzsNXoAXCCvXLdXW2e",
  "lena": "H8eNM4sPuQQ99cHqOnWC",
  "magic8ballfemale": "FXITzJFj7a15Spw2Ng3q",
  "magic8ballmale": "987GT3HJTpoTtZfIwaiS",
  "mario": "5Q08vMSM0JhU3OVoRLcq",
  "martyabrams": "97jvrF4UEnrllSnpPyuQ",
  "omnibot": "RUJkgxZYxBZLdEt62ejz",
  "omnibotrobotic": "OPStxjvxz73DLHxBZnmR",
  "optimus": "w34WBL6bYIsv3CwAinig",
  "paulbettany": "w2EoruPU65K03PmhBjHU",
  "pooh": "6mEPEQbaWvRsxEZdayAV",
  "rachel": "21m00Tcm4TlvDq8ikWAM",
  "ryankurk": "rU18Fk3uSDhmg5Xh41o4",
  "sagan": "fZX2yln6TAd6K0bNp7bj",
  "sam": "yoZ06aMxZJJ28mfd3POQ",
  "spongebob": "4i4X4KS4Uy8rfneMmmlm",
  "supermanhenrycavill": "Yirth8EKq71IuYY5kDB0",
  "thorne": "tclyU9BdxV4wWlKqbPHO",
  "ursula": "HR3yupjWOhf1T29hAlR9",
  "yoda": "cmVu7DgQy6KKvABCU8Ba"
}
