{
  "UAT": {
    "2xl": "https://sage-2xl-uat.d1s.xyz"
  },
  "TEST": {
    "2xl": "https://sage-sandbox.d1s.xyz"
  },
  "DEV": {
    "2xl": "https://sage-sandbox-dev.d1s.xyz"
  },
  "AD": {
    "2xl": "https://sage-2xl-eur3.d1s.xyz"
  },
  "AE": {
    "2xl": "https://sage-2xl-asia-se1.d1s.xyz"
  },
  "AF": {
    "2xl": "https://sage-2xl-asia-se1.d1s.xyz"
  },
  "AG": {
    "2xl": "https://sage-2xl-nam5.d1s.xyz"
  },
  "AL": {
    "2xl": "https://sage-2xl-eur3.d1s.xyz"
  },
  "AM": {
    "2xl": "https://sage-2xl-eur3.d1s.xyz"
  },
  "AO": {
    "2xl": "https://sage-2xl-eur3.d1s.xyz"
  },
  "AR": {
    "2xl": "https://sage-2xl-nam5.d1s.xyz"
  },
  "AT": {
    "2xl": "https://sage-2xl-eur3.d1s.xyz"
  },
  "AU": {
    "2xl": "https://sage-2xl-asia-se1.d1s.xyz"
  },
  "AZ": {
    "2xl": "https://sage-2xl-asia-se1.d1s.xyz"
  },
  "BA": {
    "2xl": "https://sage-2xl-eur3.d1s.xyz"
  },
  "BB": {
    "2xl": "https://sage-2xl-nam5.d1s.xyz"
  },
  "BD": {
    "2xl": "https://sage-2xl-asia-se1.d1s.xyz"
  },
  "BE": {
    "2xl": "https://sage-2xl-eur3.d1s.xyz"
  },
  "BF": {
    "2xl": "https://sage-2xl-eur3.d1s.xyz"
  },
  "BG": {
    "2xl": "https://sage-2xl-eur3.d1s.xyz"
  },
  "BH": {
    "2xl": "https://sage-2xl-asia-se1.d1s.xyz"
  },
  "BI": {
    "2xl": "https://sage-2xl-eur3.d1s.xyz"
  },
  "BJ": {
    "2xl": "https://sage-2xl-eur3.d1s.xyz"
  },
  "BN": {
    "2xl": "https://sage-2xl-asia-se1.d1s.xyz"
  },
  "BO": {
    "2xl": "https://sage-2xl-nam5.d1s.xyz"
  },
  "BR": {
    "2xl": "https://sage-2xl-nam5.d1s.xyz"
  },
  "BS": {
    "2xl": "https://sage-2xl-nam5.d1s.xyz"
  },
  "BT": {
    "2xl": "https://sage-2xl-asia-se1.d1s.xyz"
  },
  "BW": {
    "2xl": "https://sage-2xl-eur3.d1s.xyz"
  },
  "BY": {
    "2xl": "https://sage-2xl-eur3.d1s.xyz"
  },
  "BZ": {
    "2xl": "https://sage-2xl-nam5.d1s.xyz"
  },
  "CA": {
    "2xl": "https://sage-2xl-nam5.d1s.xyz"
  },
  "CF": {
    "2xl": "https://sage-2xl-eur3.d1s.xyz"
  },
  "CG": {
    "2xl": "https://sage-2xl-eur3.d1s.xyz"
  },
  "CH": {
    "2xl": "https://sage-2xl-eur3.d1s.xyz"
  },
  "CI": {
    "2xl": "https://sage-2xl-eur3.d1s.xyz"
  },
  "CL": {
    "2xl": "https://sage-2xl-nam5.d1s.xyz"
  },
  "CM": {
    "2xl": "https://sage-2xl-eur3.d1s.xyz"
  },
  "CN": {
    "2xl": "https://sage-2xl-asia-se1.d1s.xyz"
  },
  "CO": {
    "2xl": "https://sage-2xl-nam5.d1s.xyz"
  },
  "CR": {
    "2xl": "https://sage-2xl-nam5.d1s.xyz"
  },
  "CU": {
    "2xl": "https://sage-2xl-nam5.d1s.xyz"
  },
  "CV": {
    "2xl": "https://sage-2xl-eur3.d1s.xyz"
  },
  "CY": {
    "2xl": "https://sage-2xl-eur3.d1s.xyz"
  },
  "CZ": {
    "2xl": "https://sage-2xl-eur3.d1s.xyz"
  },
  "DE": {
    "2xl": "https://sage-2xl-eur3.d1s.xyz"
  },
  "DJ": {
    "2xl": "https://sage-2xl-eur3.d1s.xyz"
  },
  "DK": {
    "2xl": "https://sage-2xl-eur3.d1s.xyz"
  },
  "DM": {
    "2xl": "https://sage-2xl-nam5.d1s.xyz"
  },
  "DO": {
    "2xl": "https://sage-2xl-nam5.d1s.xyz"
  },
  "DZ": {
    "2xl": "https://sage-2xl-eur3.d1s.xyz"
  },
  "EC": {
    "2xl": "https://sage-2xl-nam5.d1s.xyz"
  },
  "EE": {
    "2xl": "https://sage-2xl-eur3.d1s.xyz"
  },
  "EG": {
    "2xl": "https://sage-2xl-eur3.d1s.xyz"
  },
  "ER": {
    "2xl": "https://sage-2xl-eur3.d1s.xyz"
  },
  "ES": {
    "2xl": "https://sage-2xl-eur3.d1s.xyz"
  },
  "ET": {
    "2xl": "https://sage-2xl-eur3.d1s.xyz"
  },
  "FI": {
    "2xl": "https://sage-2xl-eur3.d1s.xyz"
  },
  "FJ": {
    "2xl": "https://sage-2xl-asia-se1.d1s.xyz"
  },
  "FM": {
    "2xl": "https://sage-2xl-asia-se1.d1s.xyz"
  },
  "FR": {
    "2xl": "https://sage-2xl-eur3.d1s.xyz"
  },
  "GA": {
    "2xl": "https://sage-2xl-eur3.d1s.xyz"
  },
  "GB": {
    "2xl": "https://sage-2xl-eur3.d1s.xyz"
  },
  "GD": {
    "2xl": "https://sage-2xl-nam5.d1s.xyz"
  },
  "GE": {
    "2xl": "https://sage-2xl-eur3.d1s.xyz"
  },
  "GH": {
    "2xl": "https://sage-2xl-eur3.d1s.xyz"
  },
  "GM": {
    "2xl": "https://sage-2xl-eur3.d1s.xyz"
  },
  "GN": {
    "2xl": "https://sage-2xl-eur3.d1s.xyz"
  },
  "GQ": {
    "2xl": "https://sage-2xl-eur3.d1s.xyz"
  },
  "GR": {
    "2xl": "https://sage-2xl-eur3.d1s.xyz"
  },
  "GT": {
    "2xl": "https://sage-2xl-nam5.d1s.xyz"
  },
  "GW": {
    "2xl": "https://sage-2xl-eur3.d1s.xyz"
  },
  "GY": {
    "2xl": "https://sage-2xl-nam5.d1s.xyz"
  },
  "HN": {
    "2xl": "https://sage-2xl-nam5.d1s.xyz"
  },
  "HR": {
    "2xl": "https://sage-2xl-eur3.d1s.xyz"
  },
  "HT": {
    "2xl": "https://sage-2xl-nam5.d1s.xyz"
  },
  "HU": {
    "2xl": "https://sage-2xl-eur3.d1s.xyz"
  },
  "ID": {
    "2xl": "https://sage-2xl-asia-se1.d1s.xyz"
  },
  "IE": {
    "2xl": "https://sage-2xl-eur3.d1s.xyz"
  },
  "IL": {
    "2xl": "https://sage-2xl-asia-se1.d1s.xyz"
  },
  "IN": {
    "2xl": "https://sage-2xl-asia-se1.d1s.xyz"
  },
  "IQ": {
    "2xl": "https://sage-2xl-asia-se1.d1s.xyz"
  },
  "IR": {
    "2xl": "https://sage-2xl-asia-se1.d1s.xyz"
  },
  "IS": {
    "2xl": "https://sage-2xl-eur3.d1s.xyz"
  },
  "IT": {
    "2xl": "https://sage-2xl-eur3.d1s.xyz"
  },
  "JM": {
    "2xl": "https://sage-2xl-nam5.d1s.xyz"
  },
  "JO": {
    "2xl": "https://sage-2xl-asia-se1.d1s.xyz"
  },
  "JP": {
    "2xl": "https://sage-2xl-asia-se1.d1s.xyz"
  },
  "KE": {
    "2xl": "https://sage-2xl-eur3.d1s.xyz"
  },
  "KG": {
    "2xl": "https://sage-2xl-asia-se1.d1s.xyz"
  },
  "KH": {
    "2xl": "https://sage-2xl-asia-se1.d1s.xyz"
  },
  "KI": {
    "2xl": "https://sage-2xl-asia-se1.d1s.xyz"
  },
  "KM": {
    "2xl": "https://sage-2xl-eur3.d1s.xyz"
  },
  "KN": {
    "2xl": "https://sage-2xl-nam5.d1s.xyz"
  },
  "KP": {
    "2xl": "https://sage-2xl-asia-se1.d1s.xyz"
  },
  "KR": {
    "2xl": "https://sage-2xl-asia-se1.d1s.xyz"
  },
  "KW": {
    "2xl": "https://sage-2xl-asia-se1.d1s.xyz"
  },
  "KZ": {
    "2xl": "https://sage-2xl-asia-se1.d1s.xyz"
  },
  "LA": {
    "2xl": "https://sage-2xl-asia-se1.d1s.xyz"
  },
  "LB": {
    "2xl": "https://sage-2xl-asia-se1.d1s.xyz"
  },
  "LC": {
    "2xl": "https://sage-2xl-nam5.d1s.xyz"
  },
  "LI": {
    "2xl": "https://sage-2xl-eur3.d1s.xyz"
  },
  "LK": {
    "2xl": "https://sage-2xl-asia-se1.d1s.xyz"
  },
  "LR": {
    "2xl": "https://sage-2xl-eur3.d1s.xyz"
  },
  "LS": {
    "2xl": "https://sage-2xl-eur3.d1s.xyz"
  },
  "LT": {
    "2xl": "https://sage-2xl-eur3.d1s.xyz"
  },
  "LU": {
    "2xl": "https://sage-2xl-eur3.d1s.xyz"
  },
  "LV": {
    "2xl": "https://sage-2xl-eur3.d1s.xyz"
  },
  "LY": {
    "2xl": "https://sage-2xl-eur3.d1s.xyz"
  },
  "MA": {
    "2xl": "https://sage-2xl-eur3.d1s.xyz"
  },
  "MC": {
    "2xl": "https://sage-2xl-eur3.d1s.xyz"
  },
  "MD": {
    "2xl": "https://sage-2xl-eur3.d1s.xyz"
  },
  "ME": {
    "2xl": "https://sage-2xl-eur3.d1s.xyz"
  },
  "MG": {
    "2xl": "https://sage-2xl-eur3.d1s.xyz"
  },
  "MH": {
    "2xl": "https://sage-2xl-asia-se1.d1s.xyz"
  },
  "MK": {
    "2xl": "https://sage-2xl-eur3.d1s.xyz"
  },
  "ML": {
    "2xl": "https://sage-2xl-eur3.d1s.xyz"
  },
  "MM": {
    "2xl": "https://sage-2xl-asia-se1.d1s.xyz"
  },
  "MN": {
    "2xl": "https://sage-2xl-asia-se1.d1s.xyz"
  },
  "MR": {
    "2xl": "https://sage-2xl-eur3.d1s.xyz"
  },
  "MT": {
    "2xl": "https://sage-2xl-eur3.d1s.xyz"
  },
  "MU": {
    "2xl": "https://sage-2xl-eur3.d1s.xyz"
  },
  "MV": {
    "2xl": "https://sage-2xl-asia-se1.d1s.xyz"
  },
  "MW": {
    "2xl": "https://sage-2xl-eur3.d1s.xyz"
  },
  "MX": {
    "2xl": "https://sage-2xl-nam5.d1s.xyz"
  },
  "MY": {
    "2xl": "https://sage-2xl-asia-se1.d1s.xyz"
  },
  "MZ": {
    "2xl": "https://sage-2xl-eur3.d1s.xyz"
  },
  "NA": {
    "2xl": "https://sage-2xl-eur3.d1s.xyz"
  },
  "NE": {
    "2xl": "https://sage-2xl-eur3.d1s.xyz"
  },
  "NG": {
    "2xl": "https://sage-2xl-eur3.d1s.xyz"
  },
  "NI": {
    "2xl": "https://sage-2xl-nam5.d1s.xyz"
  },
  "NL": {
    "2xl": "https://sage-2xl-eur3.d1s.xyz"
  },
  "NO": {
    "2xl": "https://sage-2xl-eur3.d1s.xyz"
  },
  "NP": {
    "2xl": "https://sage-2xl-asia-se1.d1s.xyz"
  },
  "NR": {
    "2xl": "https://sage-2xl-asia-se1.d1s.xyz"
  },
  "NZ": {
    "2xl": "https://sage-2xl-asia-se1.d1s.xyz"
  },
  "OM": {
    "2xl": "https://sage-2xl-asia-se1.d1s.xyz"
  },
  "PA": {
    "2xl": "https://sage-2xl-nam5.d1s.xyz"
  },
  "PE": {
    "2xl": "https://sage-2xl-nam5.d1s.xyz"
  },
  "PG": {
    "2xl": "https://sage-2xl-asia-se1.d1s.xyz"
  },
  "PH": {
    "2xl": "https://sage-2xl-asia-se1.d1s.xyz"
  },
  "PK": {
    "2xl": "https://sage-2xl-asia-se1.d1s.xyz"
  },
  "PL": {
    "2xl": "https://sage-2xl-eur3.d1s.xyz"
  },
  "PT": {
    "2xl": "https://sage-2xl-eur3.d1s.xyz"
  },
  "PW": {
    "2xl": "https://sage-2xl-asia-se1.d1s.xyz"
  },
  "PY": {
    "2xl": "https://sage-2xl-nam5.d1s.xyz"
  },
  "QA": {
    "2xl": "https://sage-2xl-asia-se1.d1s.xyz"
  },
  "RO": {
    "2xl": "https://sage-2xl-eur3.d1s.xyz"
  },
  "RS": {
    "2xl": "https://sage-2xl-eur3.d1s.xyz"
  },
  "RU": {
    "2xl": "https://sage-2xl-asia-se1.d1s.xyz"
  },
  "RW": {
    "2xl": "https://sage-2xl-eur3.d1s.xyz"
  },
  "SA": {
    "2xl": "https://sage-2xl-asia-se1.d1s.xyz"
  },
  "SB": {
    "2xl": "https://sage-2xl-asia-se1.d1s.xyz"
  },
  "SC": {
    "2xl": "https://sage-2xl-eur3.d1s.xyz"
  },
  "SD": {
    "2xl": "https://sage-2xl-eur3.d1s.xyz"
  },
  "SE": {
    "2xl": "https://sage-2xl-eur3.d1s.xyz"
  },
  "SG": {
    "2xl": "https://sage-2xl-asia-se1.d1s.xyz"
  },
  "SI": {
    "2xl": "https://sage-2xl-eur3.d1s.xyz"
  },
  "SK": {
    "2xl": "https://sage-2xl-eur3.d1s.xyz"
  },
  "SL": {
    "2xl": "https://sage-2xl-eur3.d1s.xyz"
  },
  "SM": {
    "2xl": "https://sage-2xl-eur3.d1s.xyz"
  },
  "SN": {
    "2xl": "https://sage-2xl-eur3.d1s.xyz"
  },
  "SO": {
    "2xl": "https://sage-2xl-eur3.d1s.xyz"
  },
  "SR": {
    "2xl": "https://sage-2xl-nam5.d1s.xyz"
  },
  "SS": {
    "2xl": "https://sage-2xl-eur3.d1s.xyz"
  },
  "ST": {
    "2xl": "https://sage-2xl-eur3.d1s.xyz"
  },
  "SV": {
    "2xl": "https://sage-2xl-nam5.d1s.xyz"
  },
  "SY": {
    "2xl": "https://sage-2xl-asia-se1.d1s.xyz"
  },
  "SZ": {
    "2xl": "https://sage-2xl-eur3.d1s.xyz"
  },
  "TD": {
    "2xl": "https://sage-2xl-eur3.d1s.xyz"
  },
  "TG": {
    "2xl": "https://sage-2xl-eur3.d1s.xyz"
  },
  "TH": {
    "2xl": "https://sage-2xl-asia-se1.d1s.xyz"
  },
  "TJ": {
    "2xl": "https://sage-2xl-asia-se1.d1s.xyz"
  },
  "TL": {
    "2xl": "https://sage-2xl-asia-se1.d1s.xyz"
  },
  "TM": {
    "2xl": "https://sage-2xl-asia-se1.d1s.xyz"
  },
  "TN": {
    "2xl": "https://sage-2xl-eur3.d1s.xyz"
  },
  "TO": {
    "2xl": "https://sage-2xl-asia-se1.d1s.xyz"
  },
  "TR": {
    "2xl": "https://sage-2xl-eur3.d1s.xyz"
  },
  "TT": {
    "2xl": "https://sage-2xl-nam5.d1s.xyz"
  },
  "TV": {
    "2xl": "https://sage-2xl-asia-se1.d1s.xyz"
  },
  "TW": {
    "2xl": "https://sage-2xl-asia-se1.d1s.xyz"
  },
  "TZ": {
    "2xl": "https://sage-2xl-asia-se1.d1s.xyz"
  },
  "UA": {
    "2xl": "https://sage-2xl-eur3.d1s.xyz"
  },
  "UG": {
    "2xl": "https://sage-2xl-asia-se1.d1s.xyz"
  },
  "US": {
    "2xl": "https://sage-2xl-nam5.d1s.xyz"
  },
  "UY": {
    "2xl": "https://sage-2xl-nam5.d1s.xyz"
  },
  "UZ": {
    "2xl": "https://sage-2xl-asia-se1.d1s.xyz"
  },
  "VA": {
    "2xl": "https://sage-2xl-eur3.d1s.xyz"
  },
  "VC": {
    "2xl": "https://sage-2xl-nam5.d1s.xyz"
  },
  "VE": {
    "2xl": "https://sage-2xl-nam5.d1s.xyz"
  },
  "VN": {
    "2xl": "https://sage-2xl-asia-se1.d1s.xyz"
  },
  "VU": {
    "2xl": "https://sage-2xl-asia-se1.d1s.xyz"
  },
  "WS": {
    "2xl": "https://sage-2xl-asia-se1.d1s.xyz"
  },
  "XK": {
    "2xl": "https://sage-2xl-eur3.d1s.xyz"
  },
  "YE": {
    "2xl": "https://sage-2xl-asia-se1.d1s.xyz"
  },
  "ZA": {
    "2xl": "https://sage-2xl-eur3.d1s.xyz"
  },
  "ZM": {
    "2xl": "https://sage-2xl-asia-se1.d1s.xyz"
  },
  "ZW": {
    "2xl": "https://sage-2xl-asia-se.d1s.xyz"
  }
}